{
  "accuracy": 0.982076741837765,
  "precision": 0.9847767567065813,
  "recall": 0.9954025145430663,
  "f1_score": 0.990061126405674,
  "roc_auc": 0.9486383257359083
}