{
  "accuracy": 0.9758498821945473,
  "precision": 0.980628417832978,
  "recall": 0.992681553762432,
  "f1_score": 0.9866181750361356,
  "roc_auc": 0.9487791033518159
}